Do you have any David Bowie albums available? Cheers Tom,"Here are the David Bowie albums we have in stock:
* The Rise and Fall of Ziggy Stardust and the Spiders From Mars (1972)
* Hunky Dory (1971)
* Low (1977)
* Aladdin Sane (1973)
* Station to Station (1976)

Let me know if there's anything else I can help you find!"
What rock albums do you have from the early 70s?,"Here are the rock albums we have from the early 70s:

*   Exile on Main St. (1972) by The Rolling Stones
*   John Lennon/Plastic Ono Band (1970) by John Lennon / Plastic Ono Band
*   Who's Next (1971) by The Who
*   The Rise and Fall of Ziggy Stardust and the Spiders From Mars (1972) by David Bowie
*   The Dark Side of the Moon (1973) by Pink Floyd
*   Bridge Over Troubled Water (1970) by Simon & Garfunkel
*   Sticky Fingers (1971) by The Rolling Stones
*   [Led Zeppelin IV] (1971) by Led Zeppelin
*   After the Gold Rush (1970) by Neil Young
*   Imagine (1971) by John Lennon
*   Harvest (1972) by Neil Young
*   Goodbye Yellow Brick Road (1973) by Elton John
*   Sweet Baby James (1970) by James Taylor
*   Hunky Dory (1971) by David Bowie
*   Loaded (1970) by The Velvet Underground
*   Court and Spark (1974) by Joni Mitchell
*   Layla and Other Assorted Love Songs (1970) by Derek and the Dominos
*   Raw Power (1973) by Iggy and The Stooges
*   Paranoid (1970) by Black Sabbath
*   The Wild, the Innocent & the E Street Shuffle (1973) by Bruce Springsteen
*   Greatest Hits (1974) by Elton John
*   Deja vu (1970) by Crosby, Stills, Nash & Young
*   Houses of the Holy (1973) by Led Zeppelin
*   Electric Warrior (1971) by T. Rex
*   Live at Leeds (1970) by The Who
*   Every Picture Tells a Story (1971) by Rod Stewart
*   Something/Anything? (1972) by Todd Rundgren
*   Fun House (1970) by The Stooges
*   Transformer (1972) by Lou Reed
*   New York Dolls (1973) by New York Dolls
*   The Kink Kronikles (1972) by The Kinks
*   Can't Buy a Thrill (1972) by Steely Dan
*   Black Sabbath (1970) by Black Sabbath
*   American Beauty (1970) by Grateful Dead
*   Workingman's Dead (1970) by Grateful Dead
*   Quadrophenia (1973) by The Who
*   Paul Simon (1972) by Paul Simon
*   Aladdin Sane (1973) by David Bowie
*   Master of Reality (1971) by Black Sabbath
*   Aqualung (1971) by Jethro Tull
*   Berlin (1973) by Lou Reed
*   Honky Ch‰teau (1972) by Elton John
*   L.A. Woman (1971) by The Doors
*   Eagles (1972) by Eagles
*   Mott (1973) by Mott the Hoople
*   Late for the Sky (1974) by Jackson Browne
*   Let It Be (1970) by The Beatles
*   For Your Pleasure (1973) by Roxy Music
*   (pronounced 'leh-'nerd 'skin-'nerd) (1973) by Lynyrd Skynyrd
*   Radio City (1974) by Big Star
*   461 Ocean Boulevard (1974) by Eric Clapton
*   Band on the Run (1973) by Paul McCartney & Wings
*   Here Come the Warm Jets (1973) by Brian Eno
*   All Things Must Pass (1970) by George Harrison
*   #1 Record (1972) by Big Star
*   Back in the USA (1970) by MC5
*   For Everyman (1973) by Jackson Browne
*   Love It to Death (1971) by Alice Cooper
*   I Want to See the Bright Lights Tonight (1974) by Richard & Linda Thompson
*   All the Young Dudes (1972) by Mott the Hoople
*   Tres hombres (1973) by ZZ Top
*   Give It Up (1972) by Bonnie Raitt

Can I help you find anything else?What prog rock albums do you have?"
What prog rock albums do you have?,"Here are the progressive rock albums we have in stock:

*   Who's Next (1971) by The Who
*   The Dark Side of the Moon (1973) by Pink Floyd
*   The Wall (1979) by Pink Floyd
*   Something/Anything? (1972) by Todd Rundgren
*   Wish You Were Here (1975) by Pink Floyd
*   A Night at the Opera (1975) by Queen
*   Aqualung (1971) by Jethro Tull

Can I help you find anything else?do you have any bowie or led zep?"
do you have any bowie or led zep?,"Here are the albums by David Bowie and Led Zeppelin that we have in stock:

*   Led Zeppelin (1969) by Led Zeppelin
*   The Rise and Fall of Ziggy Stardust and the Spiders From Mars (1972) by David Bowie
*   [Led Zeppelin IV] (1971) by Led Zeppelin
*   Physical Graffiti (1975) by Led Zeppelin
*   Led Zeppelin II (1969) by Led Zeppelin
*   Hunky Dory (1971) by David Bowie
*   Houses of the Holy (1973) by Led Zeppelin
*   Low (1977) by David Bowie
*   Aladdin Sane (1973) by David Bowie
*   Station to Station (1976) by David Bowie

Let me know if there's anything else I can help you find!"
